dataset,policy,seed,partition,observations,selected_update,selected_parameters_exactly_initial,allocation_l1_mean,allocation_l1_maximum,allocation_component_absolute_difference_maximum,retained_test_allocation_absolute_error_maximum
nyse-o,cost_aware,0,train,3370,200,False,0.045394357102766195,0.19574748903291492,0.05840819999469954,
nyse-o,cost_aware,0,validation,1130,200,False,0.041498903515596916,0.12657871320869638,0.02571084462103898,
nyse-o,cost_aware,0,test,1131,200,False,0.048541980109899775,0.1523825061003056,0.023019310564819144,0.0
nyse-o,cost_aware,1,train,3370,150,False,0.023242193649307685,0.09631956173362424,0.008762799366142396,
nyse-o,cost_aware,1,validation,1130,150,False,0.02149561126051563,0.054140797139868926,0.005307984946428659,
nyse-o,cost_aware,1,test,1131,150,False,0.024836278918262084,0.07882676196682703,0.006150909038840326,0.0
nyse-o,cost_aware,2,train,3370,200,False,0.046954631994911115,0.19386984178599076,0.03812558399712045,
nyse-o,cost_aware,2,validation,1130,200,False,0.04363419847688219,0.1271339637894387,0.02217240195764302,
nyse-o,cost_aware,2,test,1131,200,False,0.05133218289804308,0.14832742636228616,0.022575970878078683,0.0
nyse-o,cost_aware,3,train,3370,150,False,0.041384940139627686,0.21490212159828995,0.03932473506188222,
nyse-o,cost_aware,3,validation,1130,150,False,0.03735703754491621,0.12052930249319221,0.015861428757355123,
nyse-o,cost_aware,3,test,1131,150,False,0.044113348035744744,0.13956920717225726,0.017161183247916878,0.0
nyse-o,cost_aware,4,train,3370,200,False,0.04258720392280044,0.15147967168989282,0.013625401869938839,
nyse-o,cost_aware,4,validation,1130,200,False,0.03896801084184849,0.10360130841980887,0.011051837946429492,
nyse-o,cost_aware,4,test,1131,200,False,0.04484319316967181,0.1017632850682421,0.01008516963941189,0.0
sp500,cost_aware,0,train,745,200,False,0.41411692712995896,1.2395024504686432,0.5043913453907556,
sp500,cost_aware,0,validation,255,200,False,0.3486951921852829,0.8355289867502379,0.21890684960906368,
sp500,cost_aware,0,test,256,200,False,0.3982742594528722,1.140957410655591,0.2960815935678974,0.0
sp500,cost_aware,1,train,745,0,True,0.0,0.0,0.0,
sp500,cost_aware,1,validation,255,0,True,0.0,0.0,0.0,
sp500,cost_aware,1,test,256,0,True,0.0,0.0,0.0,0.0
sp500,cost_aware,2,train,745,0,True,0.0,0.0,0.0,
sp500,cost_aware,2,validation,255,0,True,0.0,0.0,0.0,
sp500,cost_aware,2,test,256,0,True,0.0,0.0,0.0,0.0
sp500,cost_aware,3,train,745,0,True,0.0,0.0,0.0,
sp500,cost_aware,3,validation,255,0,True,0.0,0.0,0.0,
sp500,cost_aware,3,test,256,0,True,0.0,0.0,0.0,0.0
sp500,cost_aware,4,train,745,200,False,0.3001117562559731,1.2908401730893995,0.5131783306524642,
sp500,cost_aware,4,validation,255,200,False,0.24897773121471356,0.7031446521148872,0.16272611723906993,
sp500,cost_aware,4,test,256,200,False,0.2841666788464924,0.9076779765791104,0.2581097234395032,0.0
djia,cost_aware,0,train,284,50,False,0.0515434366188186,0.24322141349306106,0.02679314187387944,
djia,cost_aware,0,validation,101,50,False,0.05720602982945755,0.158941325038857,0.012481644467399779,
djia,cost_aware,0,test,102,50,False,0.06836165512786214,0.14288225496927773,0.009642358240024941,0.0
djia,cost_aware,1,train,284,0,True,0.0,0.0,0.0,
djia,cost_aware,1,validation,101,0,True,0.0,0.0,0.0,
djia,cost_aware,1,test,102,0,True,0.0,0.0,0.0,0.0
djia,cost_aware,2,train,284,500,False,1.542965719546108,1.9353050840498487,0.9676525420249243,
djia,cost_aware,2,validation,101,500,False,1.46514074729133,1.9284740435857357,0.964237021792868,
djia,cost_aware,2,test,102,500,False,1.636701412232194,1.9385460774421772,0.9692730387210887,0.0
djia,cost_aware,3,train,284,300,False,0.9940362441853733,1.9410241504200727,0.9705120752100362,
djia,cost_aware,3,validation,101,300,False,1.0536894982811242,1.9349563265781309,0.9674781632890653,
djia,cost_aware,3,test,102,300,False,1.113064595837105,1.9262585593529848,0.9631292796764923,0.0
djia,cost_aware,4,train,284,0,True,0.0,0.0,0.0,
djia,cost_aware,4,validation,101,0,True,0.0,0.0,0.0,
djia,cost_aware,4,test,102,0,True,0.0,0.0,0.0,0.0
