bootstrap_replicates,bootstrap_seed,contrast,dataset,evaluation_cost,inference_scope,interval_contains_zero,interval_level,interval_lower,interval_lower_basis_points,interval_method,interval_upper,interval_upper_basis_points,left_policy,mean_block_length,mean_daily_difference_basis_points,mean_daily_log_return_difference,observations,primary,right_policy,seeds_averaged
2000,170724,cost_aware_minus_return_only,nyse-o,0,exploratory_conditional_on_fitted_models_not_multiple_testing_adjusted,True,0.95,-0.000950320735538534,-9.50320735538534,stationary_bootstrap_percentile,0.00039809857313912546,3.9809857313912547,cost_aware,20,-2.4276541277213357,-0.00024276541277213357,1131,False,return_only,5
2000,170724,downside_lambda10_minus_cost_aware,nyse-o,0,exploratory_conditional_on_fitted_models_not_multiple_testing_adjusted,True,0.95,-1.8332499480018045e-05,-0.18332499480018044,stationary_bootstrap_percentile,9.89139144668908e-08,0.000989139144668908,downside_lambda10,20,-0.08892162877999377,-8.892162877999376e-06,1131,False,cost_aware,5
2000,170724,cost_aware_minus_return_only,nyse-o,0.001,exploratory_conditional_on_fitted_models_not_multiple_testing_adjusted,True,0.95,-0.00016048327588343754,-1.6048327588343754,stationary_bootstrap_percentile,0.0011711034899141426,11.711034899141426,cost_aware,20,5.4447289210111895,0.0005444728921011189,1131,False,return_only,5
2000,170724,downside_lambda10_minus_cost_aware,nyse-o,0.001,exploratory_conditional_on_fitted_models_not_multiple_testing_adjusted,False,0.95,-1.8767826588299477e-05,-0.18767826588299477,stationary_bootstrap_percentile,-7.258857681492551e-07,-0.007258857681492551,downside_lambda10,20,-0.0949482493120883,-9.49482493120883e-06,1131,False,cost_aware,5
2000,170724,cost_aware_minus_return_only,nyse-o,0.0025,exploratory_conditional_on_fitted_models_not_multiple_testing_adjusted,False,0.95,0.0010220888685847102,10.220888685847102,stationary_bootstrap_percentile,0.002354741721103131,23.54741721103131,cost_aware,20,17.253360356558083,0.0017253360356558084,1131,True,return_only,5
2000,170724,downside_lambda10_minus_cost_aware,nyse-o,0.0025,exploratory_conditional_on_fitted_models_not_multiple_testing_adjusted,False,0.95,-1.9428797787813223e-05,-0.19428797787813223,stationary_bootstrap_percentile,-1.8064083635901451e-06,-0.01806408363590145,downside_lambda10,20,-0.10398791971611016,-1.0398791971611016e-05,1131,True,cost_aware,5
2000,170724,cost_aware_minus_return_only,nyse-o,0.005,exploratory_conditional_on_fitted_models_not_multiple_testing_adjusted,False,0.95,0.0029886115765687445,29.886115765687446,stationary_bootstrap_percentile,0.004335282990582673,43.35282990582673,cost_aware,20,36.934669898998706,0.0036934669898998707,1131,False,return_only,5
2000,170724,downside_lambda10_minus_cost_aware,nyse-o,0.005,exploratory_conditional_on_fitted_models_not_multiple_testing_adjusted,False,0.95,-2.0582146307064646e-05,-0.20582146307064647,stationary_bootstrap_percentile,-3.611299056924318e-06,-0.03611299056924318,downside_lambda10,20,-0.11905337736097858,-1.1905337736097858e-05,1131,False,cost_aware,5
2000,170724,cost_aware_minus_return_only,sp500,0,exploratory_conditional_on_fitted_models_not_multiple_testing_adjusted,True,0.95,-0.0014512607509012247,-14.512607509012247,stationary_bootstrap_percentile,0.00022125795293615445,2.2125795293615447,cost_aware,20,-6.09556097585562,-0.0006095560975855621,256,False,return_only,5
2000,170724,downside_lambda10_minus_cost_aware,sp500,0,exploratory_conditional_on_fitted_models_not_multiple_testing_adjusted,True,0.95,-0.00010332082501839905,-1.0332082501839905,stationary_bootstrap_percentile,0.00014483473005825147,1.4483473005825147,downside_lambda10,20,0.21898056167787594,2.1898056167787594e-05,256,False,cost_aware,5
2000,170724,cost_aware_minus_return_only,sp500,0.001,exploratory_conditional_on_fitted_models_not_multiple_testing_adjusted,True,0.95,-0.0007722028729795667,-7.722028729795667,stationary_bootstrap_percentile,0.0008465016505351068,8.465016505351068,cost_aware,20,0.411440189378677,4.11440189378677e-05,256,False,return_only,5
2000,170724,downside_lambda10_minus_cost_aware,sp500,0.001,exploratory_conditional_on_fitted_models_not_multiple_testing_adjusted,True,0.95,-5.0496597179481984e-05,-0.5049659717948198,stationary_bootstrap_percentile,0.00019187852068857256,1.9187852068857256,downside_lambda10,20,0.7017352994327767,7.017352994327766e-05,256,False,cost_aware,5
2000,170724,cost_aware_minus_return_only,sp500,0.0025,exploratory_conditional_on_fitted_models_not_multiple_testing_adjusted,False,0.95,0.00023742951428612404,2.37429514286124,stationary_bootstrap_percentile,0.001773502772276382,17.73502772276382,cost_aware,20,10.172181694442969,0.001017218169444297,256,True,return_only,5
2000,170724,downside_lambda10_minus_cost_aware,sp500,0.0025,exploratory_conditional_on_fitted_models_not_multiple_testing_adjusted,False,0.95,2.8961858667308964e-05,0.28961858667308965,stationary_bootstrap_percentile,0.00026049897175452376,2.6049897175452377,downside_lambda10,20,1.4258937420646465,0.00014258937420646466,256,True,cost_aware,5
2000,170724,cost_aware_minus_return_only,sp500,0.005,exploratory_conditional_on_fitted_models_not_multiple_testing_adjusted,False,0.95,0.0018912627997129785,18.912627997129785,stationary_bootstrap_percentile,0.0033894945722868397,33.8949457228684,cost_aware,20,26.440794347898105,0.0026440794347898106,256,False,return_only,5
2000,170724,downside_lambda10_minus_cost_aware,sp500,0.005,exploratory_conditional_on_fitted_models_not_multiple_testing_adjusted,False,0.95,0.00015389978613387906,1.5389978613387907,stationary_bootstrap_percentile,0.00037846398880613,3.7846398880613004,downside_lambda10,20,2.632901335760707,0.00026329013357607073,256,False,cost_aware,5
2000,170724,cost_aware_minus_return_only,djia,0,exploratory_conditional_on_fitted_models_not_multiple_testing_adjusted,True,0.95,-0.0003947740170114781,-3.947740170114781,stationary_bootstrap_percentile,0.003357984788850799,33.57984788850799,cost_aware,20,14.27514407035025,0.001427514407035025,102,False,return_only,5
2000,170724,downside_lambda10_minus_cost_aware,djia,0,exploratory_conditional_on_fitted_models_not_multiple_testing_adjusted,True,0.95,-0.0009301920809284444,-9.301920809284445,stationary_bootstrap_percentile,0.0010689148927106927,10.689148927106928,downside_lambda10,20,0.5558310189456118,5.558310189456118e-05,102,False,cost_aware,5
2000,170724,cost_aware_minus_return_only,djia,0.001,exploratory_conditional_on_fitted_models_not_multiple_testing_adjusted,False,0.95,0.0005024259191995613,5.024259191995613,stationary_bootstrap_percentile,0.004172564427412895,41.72564427412895,cost_aware,20,22.925766850961498,0.0022925766850961497,102,False,return_only,5
2000,170724,downside_lambda10_minus_cost_aware,djia,0.001,exploratory_conditional_on_fitted_models_not_multiple_testing_adjusted,True,0.95,-0.0007676033288421445,-7.676033288421445,stationary_bootstrap_percentile,0.0012414550040138648,12.414550040138648,downside_lambda10,20,2.1944648488631198,0.00021944648488631197,102,False,cost_aware,5
2000,170724,cost_aware_minus_return_only,djia,0.0025,exploratory_conditional_on_fitted_models_not_multiple_testing_adjusted,False,0.95,0.001845521371031827,18.45521371031827,stationary_bootstrap_percentile,0.005416590752053266,54.165907520532656,cost_aware,20,35.901758157483904,0.0035901758157483904,102,True,return_only,5
2000,170724,downside_lambda10_minus_cost_aware,djia,0.0025,exploratory_conditional_on_fitted_models_not_multiple_testing_adjusted,True,0.95,-0.0005288197841129137,-5.288197841129137,stationary_bootstrap_percentile,0.0014831812988187006,14.831812988187005,downside_lambda10,20,4.652414120538769,0.0004652414120538769,102,True,cost_aware,5
2000,170724,cost_aware_minus_return_only,djia,0.005,exploratory_conditional_on_fitted_models_not_multiple_testing_adjusted,False,0.95,0.004077344935262428,40.77344935262428,stationary_bootstrap_percentile,0.007502641701524233,75.02641701524233,cost_aware,20,57.52872589973815,0.005752872589973815,102,False,return_only,5
2000,170724,downside_lambda10_minus_cost_aware,djia,0.005,exploratory_conditional_on_fitted_models_not_multiple_testing_adjusted,True,0.95,-0.00012723017011948847,-1.2723017011948847,stationary_bootstrap_percentile,0.0019187464944541207,19.187464944541208,downside_lambda10,20,8.749022095994468,0.0008749022095994468,102,False,cost_aware,5
