checkpoint_zero_selected,dataset,policy,recorded_candidate_checkpoints,seed,selected_update,selected_validation_objective
False,nyse-o,return_only,13,0,400,0.0009087077050431075
False,nyse-o,return_only,13,1,600,0.001507773852247312
False,nyse-o,return_only,13,2,600,0.0016913678754241445
False,nyse-o,return_only,13,3,550,0.001366897628043631
False,nyse-o,return_only,13,4,600,0.0013190513951658487
False,nyse-o,cost_aware,13,0,200,0.0003853305704818409
False,nyse-o,cost_aware,13,1,150,0.00038248152629318167
False,nyse-o,cost_aware,13,2,200,0.00038813197435031587
False,nyse-o,cost_aware,13,3,150,0.00038931821965347476
False,nyse-o,cost_aware,13,4,200,0.0003817697009824994
False,nyse-o,downside_lambda1,13,0,200,0.000359608175640059
False,nyse-o,downside_lambda1,13,1,150,0.0003570731023616368
False,nyse-o,downside_lambda1,13,2,200,0.00036233948754069026
False,nyse-o,downside_lambda1,13,3,150,0.00036349230273269415
False,nyse-o,downside_lambda1,13,4,150,0.0003561522067835824
False,nyse-o,downside_lambda10,13,0,150,0.00013071257188682444
False,nyse-o,downside_lambda10,13,1,150,0.0001296364106234175
False,nyse-o,downside_lambda10,13,2,200,0.0001325691572912611
False,nyse-o,downside_lambda10,13,3,150,0.00013310589828564097
False,nyse-o,downside_lambda10,13,4,350,0.00013562856387160633
False,nyse-o,downside_lambda100,13,0,600,-0.0007240796052709085
False,nyse-o,downside_lambda100,13,1,600,-0.0009255686991595903
False,nyse-o,downside_lambda100,13,2,600,-0.0007629632048555134
False,nyse-o,downside_lambda100,13,3,600,-0.0008500704068520378
False,nyse-o,downside_lambda100,13,4,600,-0.0008157508909782748
False,sp500,return_only,13,0,250,0.00046761956353621824
True,sp500,return_only,13,1,0,5.118903487105699e-07
False,sp500,return_only,13,2,600,0.00048555073193541995
False,sp500,return_only,13,3,600,0.0003258542571199283
False,sp500,return_only,13,4,400,0.0007616313491997871
False,sp500,cost_aware,13,0,200,-6.014886770325195e-05
True,sp500,cost_aware,13,1,0,-8.362205074381812e-05
True,sp500,cost_aware,13,2,0,-8.733653170146326e-05
True,sp500,cost_aware,13,3,0,-8.499217657616062e-05
False,sp500,cost_aware,13,4,200,-5.212023281831562e-05
False,sp500,downside_lambda1,13,0,50,-0.00013587101085581695
True,sp500,downside_lambda1,13,1,0,-0.00015208121833497993
True,sp500,downside_lambda1,13,2,0,-0.00015616117021929646
True,sp500,downside_lambda1,13,3,0,-0.0001542759276698936
False,sp500,downside_lambda1,13,4,50,-0.00013027845158956945
True,sp500,downside_lambda10,13,0,0,-0.0007552838442386843
True,sp500,downside_lambda10,13,1,0,-0.0007682137266554359
True,sp500,downside_lambda10,13,2,0,-0.0007755829168797944
True,sp500,downside_lambda10,13,3,0,-0.0007778296875134873
False,sp500,downside_lambda10,13,4,50,-0.0007500622371129261
False,sp500,downside_lambda100,13,0,400,-0.0036746200798926736
False,sp500,downside_lambda100,13,1,450,-0.003476056265096437
False,sp500,downside_lambda100,13,2,400,-0.003921146871512635
False,sp500,downside_lambda100,13,3,550,-0.003649978080072093
False,sp500,downside_lambda100,13,4,400,-0.003786810962450964
False,djia,return_only,13,0,400,0.0009290824259161243
False,djia,return_only,13,1,550,-0.00019648867308193104
False,djia,return_only,13,2,400,0.0007360980439604709
False,djia,return_only,13,3,400,0.0005165538484264502
False,djia,return_only,13,4,200,-0.0005578164239967772
False,djia,cost_aware,13,0,50,-0.0015874753094040526
True,djia,cost_aware,13,1,0,-0.001604791651078211
False,djia,cost_aware,13,2,500,-0.0006743371673630298
False,djia,cost_aware,13,3,300,-0.001423857057180887
True,djia,cost_aware,13,4,0,-0.0016161713574750216
False,djia,downside_lambda1,13,0,50,-0.0017315173798600858
True,djia,downside_lambda1,13,1,0,-0.001755109691364298
False,djia,downside_lambda1,13,2,600,-0.0010372460351718868
True,djia,downside_lambda1,13,3,0,-0.0017806290678485657
False,djia,downside_lambda1,13,4,50,-0.001764847293872497
False,djia,downside_lambda10,13,0,150,-0.002803982677276066
False,djia,downside_lambda10,13,1,150,-0.002891726941917838
False,djia,downside_lambda10,13,2,150,-0.002787923040689383
False,djia,downside_lambda10,13,3,50,-0.0030861017422634486
False,djia,downside_lambda10,13,4,150,-0.0029729932267519173
False,djia,downside_lambda100,13,0,350,-0.00526680066226233
False,djia,downside_lambda100,13,1,350,-0.00786049716681439
False,djia,downside_lambda100,13,2,300,-0.00850091766805882
False,djia,downside_lambda100,13,3,350,-0.006908426026004113
False,djia,downside_lambda100,13,4,350,-0.00670129138702128
