dataset,policy,evaluation_cost,observations,seed_count,summary_type,annualized_return_median,annualized_return_minimum,annualized_return_maximum,annualized_return_valid_count,annualized_return_undefined_count,annualized_sharpe_zero_cash_rate_median,annualized_sharpe_zero_cash_rate_minimum,annualized_sharpe_zero_cash_rate_maximum,annualized_sharpe_zero_cash_rate_valid_count,annualized_sharpe_zero_cash_rate_undefined_count,zero_target_downside_ratio_median,zero_target_downside_ratio_minimum,zero_target_downside_ratio_maximum,zero_target_downside_ratio_valid_count,zero_target_downside_ratio_undefined_count,total_log_fee_drag_median,total_log_fee_drag_minimum,total_log_fee_drag_maximum,total_log_fee_drag_valid_count,total_log_fee_drag_undefined_count
nyse-o,cash,0.0025,1131,1,deterministic_baseline,0.0,0.0,0.0,1,0,,,,0,1,,,,0,1,0.0,-0.0,-0.0,1,0
nyse-o,equal_weight_crp,0.0025,1131,1,deterministic_baseline,0.18783279130702657,0.18783279130702657,0.18783279130702657,1,0,1.252441022979422,1.252441022979422,1.252441022979422,1,0,1.9873937608742913,1.9873937608742913,1.9873937608742913,1,0,0.03505811552971383,0.03505811552971383,0.03505811552971383,1,0
nyse-o,equal_weight_buy_hold,0.0025,1131,1,deterministic_baseline,0.18480409158707656,0.18480409158707656,0.18480409158707656,1,0,1.1958845805166418,1.1958845805166418,1.1958845805166418,1,0,1.8831325985361296,1.8831325985361296,1.8831325985361296,1,0,0.0024968801985871545,0.0024968801985871545,0.0024968801985871545,1,0
nyse-o,return_only,0.0025,1131,5,seed_median_range,-0.23278244856977715,-0.30545982420983053,-0.14167237487226725,5,0,-0.6473277996882336,-1.0824792507508658,-0.4292205031198193,5,0,-1.015914355183691,-1.630379387790835,-0.6819721578560196,5,0,2.2571889191474375,1.8211216210373933,2.676089462581212,5,0
nyse-o,cost_aware,0.0025,1131,5,seed_median_range,0.177818593721071,0.17637195896325664,0.17857403711594433,5,0,1.217924307329919,1.2104269875406892,1.2233726707836423,5,0,1.9274049274007743,1.9157247696862107,1.932496601585703,5,0,0.06416202151181533,0.05492483596416038,0.07418522422779586,5,0
nyse-o,downside_lambda1,0.0025,1131,5,seed_median_range,0.17778444644580693,0.1764660993476841,0.17857776591875596,5,0,1.2185107668592672,1.2123324401729965,1.224026772423067,5,0,1.9270999777524642,1.9188962271042578,1.9338031729604386,5,0,0.06353686021149763,0.054696505926931836,0.07287925314908339,5,0
nyse-o,downside_lambda10,0.0025,1131,5,seed_median_range,0.17688648375480476,0.16409416874373117,0.1781317086717611,5,0,1.2198947799684545,1.1567773084862927,1.2269807080031792,5,0,1.9292175634174444,1.8275095758556472,1.9416424663501763,5,0,0.059654904485687166,0.055446274899677295,0.08967459124876617,5,0
nyse-o,downside_lambda100,0.0025,1131,5,seed_median_range,-0.032883170872224476,-0.040320165749580306,-0.018480605153586738,5,0,-0.331860079436141,-0.4276754841443491,-0.1658087329709619,5,0,-0.499784581521621,-0.6372095648838535,-0.24936701391250457,5,0,0.6623904333396176,0.6181723173508148,0.6930059440655764,5,0
sp500,cash,0.0025,256,1,deterministic_baseline,0.0,0.0,0.0,1,0,,,,0,1,,,,0,1,0.0,-0.0,-0.0,1,0
sp500,equal_weight_crp,0.0025,256,1,deterministic_baseline,-0.16853538256608736,-0.16853538256608736,-0.16853538256608736,1,0,-0.5315111941566253,-0.5315111941566253,-0.5315111941566253,1,0,-0.7808436276275595,-0.7808436276275595,-0.7808436276275595,1,0,0.011000327354314478,0.011000327354314478,0.011000327354314478,1,0
sp500,equal_weight_buy_hold,0.0025,256,1,deterministic_baseline,-0.18456386328783048,-0.18456386328783048,-0.18456386328783048,1,0,-0.6406047709436751,-0.6406047709436751,-0.6406047709436751,1,0,-0.9300797049154095,-0.9300797049154095,-0.9300797049154095,1,0,0.0024968801985871545,0.0024968801985871545,0.0024968801985871545,1,0
sp500,return_only,0.0025,256,5,seed_median_range,-0.4056124396584133,-0.5590613772082689,-0.17023216304597322,5,0,-1.1041219490955814,-1.9167664544019325,-0.5694804736570992,5,0,-1.5792757272660278,-2.626743714133995,-0.8360284297974663,5,0,0.5510106279289486,0.02289049476819342,0.8083037687704013,5,0
sp500,cost_aware,0.0025,256,5,seed_median_range,-0.17217576785632982,-0.2563100668599304,-0.1692858168664887,5,0,-0.5781120885890966,-0.8347139480589226,-0.5670295478071701,5,0,-0.8471552373805897,-1.1963276546088173,-0.8310122107815029,5,0,0.02289049476819342,0.02026921605402974,0.10832237076057595,5,0
sp500,downside_lambda1,0.0025,256,5,seed_median_range,-0.17039863638514274,-0.17217576785632982,-0.1692858168664887,5,0,-0.5694804736570992,-0.5781120885890966,-0.5670213110135579,5,0,-0.8354743610628721,-0.8471552373805897,-0.8310122107815029,5,0,0.022077809977813122,0.018726059098236908,0.02322658096829329,5,0
sp500,downside_lambda10,0.0025,256,5,seed_median_range,-0.17023216304597322,-0.17217576785632982,-0.1692858168664887,5,0,-0.5707143874023191,-0.5781120885890966,-0.5670295478071701,5,0,-0.8363657847666799,-0.8471552373805897,-0.8310122107815029,5,0,0.022077809977813122,0.018466587109325684,0.02596432372585378,5,0
sp500,downside_lambda100,0.0025,256,5,seed_median_range,-0.2465383741225896,-0.25450642047615535,-0.21779276186775742,5,0,-1.7634433185430463,-1.8838006549560202,-1.569112342900279,5,0,-2.392979651966358,-2.539520890100856,-2.111132670335578,5,0,0.1424836437759302,0.13841679630382792,0.16176359703477577,5,0
djia,cash,0.0025,102,1,deterministic_baseline,0.0,0.0,0.0,1,0,,,,0,1,,,,0,1,0.0,-0.0,-0.0,1,0
djia,equal_weight_crp,0.0025,102,1,deterministic_baseline,-0.06679772150372831,-0.06679772150372831,-0.06679772150372831,1,0,-0.0723803574042079,-0.0723803574042079,-0.0723803574042079,1,0,-0.10874508783196668,-0.10874508783196668,-0.10874508783196668,1,0,0.006206448773744645,0.006206448773744645,0.006206448773744645,1,0
djia,equal_weight_buy_hold,0.0025,102,1,deterministic_baseline,-0.08971758951399023,-0.08971758951399023,-0.08971758951399023,1,0,-0.15598075690101712,-0.15598075690101712,-0.15598075690101712,1,0,-0.23167639230288564,-0.23167639230288564,-0.23167639230288564,1,0,0.0024968801985871545,0.0024968801985871545,0.0024968801985871545,1,0
djia,return_only,0.0025,102,5,seed_median_range,-0.6842220242409446,-0.8701437708294393,-0.314188162982757,5,0,-2.1788122645045784,-4.009115377246149,-0.887904183309702,5,0,-2.740515558625822,-4.668528488509714,-1.2494247019599034,5,0,0.33839454207057834,0.16013002544738097,0.40620379250438915,5,0
djia,cost_aware,0.0025,102,5,seed_median_range,-0.09551026446863886,-0.5192765164226165,-0.08063364570653542,5,0,-0.19077908741811936,-1.6310172785170398,-0.13435282037679125,5,0,-0.2844094002612285,-2.195021927840308,-0.2010574473120921,5,0,0.018241660738966305,0.012933401758112771,0.22341517744974917,5,0
djia,downside_lambda1,0.0025,102,5,seed_median_range,-0.09142991464139116,-0.5155706764728935,-0.07754404471180432,5,0,-0.1765233989676617,-1.2433527314192891,-0.12329697273335469,5,0,-0.26366823099501857,-1.6388148169483758,-0.18479674564650755,5,0,0.015641514922004496,0.01461178739745636,0.243143946347642,5,0
djia,downside_lambda10,0.0025,102,5,seed_median_range,-0.22700073418620814,-0.24254178794590342,-0.09596279063433222,5,0,-0.8232674068857698,-0.9197065604991952,-0.20132541545629554,5,0,-1.1635805535279156,-1.279040085352002,-0.3003618010625814,5,0,0.058643781452475716,0.016915768229755324,0.06691030822285929,5,0
djia,downside_lambda100,0.0025,102,5,seed_median_range,-0.32637277140997545,-0.3988241691575688,-0.27405436644079406,5,0,-2.5569135480059555,-3.0169416879209554,-2.2343052893208526,5,0,-3.29694216346846,-3.6425216736890755,-2.951482198808054,5,0,0.08408503004804749,0.07947235619985268,0.09965923870088161,5,0
