annualized_downside_deviation_maximum,annualized_downside_deviation_median,annualized_downside_deviation_minimum,annualized_downside_deviation_undefined_count,annualized_downside_deviation_valid_count,annualized_return_maximum,annualized_return_median,annualized_return_minimum,annualized_return_undefined_count,annualized_return_valid_count,annualized_sharpe_zero_cash_rate_maximum,annualized_sharpe_zero_cash_rate_median,annualized_sharpe_zero_cash_rate_minimum,annualized_sharpe_zero_cash_rate_undefined_count,annualized_sharpe_zero_cash_rate_valid_count,annualized_sortino_zero_target_maximum,annualized_sortino_zero_target_median,annualized_sortino_zero_target_minimum,annualized_sortino_zero_target_undefined_count,annualized_sortino_zero_target_valid_count,annualized_volatility_maximum,annualized_volatility_median,annualized_volatility_minimum,annualized_volatility_undefined_count,annualized_volatility_valid_count,cumulative_return_maximum,cumulative_return_median,cumulative_return_minimum,cumulative_return_undefined_count,cumulative_return_valid_count,dataset,evaluation_cost,evaluation_cost_basis_points,last_cash_weight_maximum,last_cash_weight_median,last_cash_weight_minimum,last_cash_weight_undefined_count,last_cash_weight_valid_count,maximum_drawdown_maximum,maximum_drawdown_median,maximum_drawdown_minimum,maximum_drawdown_undefined_count,maximum_drawdown_valid_count,mean_daily_cash_weight_maximum,mean_daily_cash_weight_median,mean_daily_cash_weight_minimum,mean_daily_cash_weight_undefined_count,mean_daily_cash_weight_valid_count,mean_daily_log_return_maximum,mean_daily_log_return_median,mean_daily_log_return_minimum,mean_daily_log_return_undefined_count,mean_daily_log_return_valid_count,mean_risky_dollar_turnover_maximum,mean_risky_dollar_turnover_median,mean_risky_dollar_turnover_minimum,mean_risky_dollar_turnover_undefined_count,mean_risky_dollar_turnover_valid_count,negative_return_fraction_maximum,negative_return_fraction_median,negative_return_fraction_minimum,negative_return_fraction_undefined_count,negative_return_fraction_valid_count,observations,policy,seed_count,summary_type,terminal_wealth_maximum,terminal_wealth_median,terminal_wealth_minimum,terminal_wealth_undefined_count,terminal_wealth_valid_count,total_log_fee_drag_maximum,total_log_fee_drag_median,total_log_fee_drag_minimum,total_log_fee_drag_undefined_count,total_log_fee_drag_valid_count
0.0,0.0,0.0,0,1,0.0,0.0,0.0,0,1,,,,1,0,,,,1,0,0.0,0.0,0.0,0,1,0.0,0.0,0.0,0,1,nyse-o,0.0025,25.0,1.0,1.0,1.0,0,1,0.0,0.0,0.0,0,1,1.0,1.0,1.0,0,1,0.0,0.0,0.0,0,1,0.0,0.0,0.0,0,1,0.0,0.0,0.0,0,1,1131,cash,1,deterministic_baseline,1.0,1.0,1.0,0,1,-0.0,0.0,-0.0,0,1
0.09197972082967418,0.09197972082967418,0.09197972082967418,0,1,0.18783279130702657,0.18783279130702657,0.18783279130702657,0,1,1.252441022979422,1.252441022979422,1.252441022979422,0,1,1.9873937608742913,1.9873937608742913,1.9873937608742913,0,1,0.14595491520150966,0.14595491520150966,0.14595491520150966,0,1,1.1652545101917546,1.1652545101917546,1.1652545101917546,0,1,nyse-o,0.0025,25.0,0.0,0.0,0.0,0,1,0.16227046156203684,0.16227046156203684,0.16227046156203684,0,1,0.0,0.0,0.0,0,1,0.0006830573927637197,0.0006830573927637197,0.0006830573927637197,0,1,0.012397702601859824,0.012397702601859824,0.012397702601859824,0,1,0.4854111405835544,0.4854111405835544,0.4854111405835544,0,1,1131,equal_weight_crp,1,deterministic_baseline,2.1652545101917546,2.1652545101917546,2.1652545101917546,0,1,0.03505811552971383,0.03505811552971383,0.03505811552971383,0,1
0.09614478337453454,0.09614478337453454,0.09614478337453454,0,1,0.18480409158707656,0.18480409158707656,0.18480409158707656,0,1,1.1958845805166418,1.1958845805166418,1.1958845805166418,0,1,1.8831325985361296,1.8831325985361296,1.8831325985361296,0,1,0.15139703170481758,0.15139703170481758,0.15139703170481758,0,1,1.1405861408491784,1.1405861408491784,1.1405861408491784,0,1,nyse-o,0.0025,25.0,0.0,0.0,0.0,0,1,0.17215368567087863,0.17215368567087863,0.17215368567087863,0,1,0.0,0.0,0.0,0,1,0.000672926338747776,0.000672926338747776,0.000672926338747776,0,1,0.0008819683770238418,0.0008819683770238418,0.0008819683770238418,0,1,0.47745358090185674,0.47745358090185674,0.47745358090185674,0,1,1131,equal_weight_buy_hold,1,deterministic_baseline,2.1405861408491784,2.1405861408491784,2.1405861408491784,0,1,0.0024968801985871545,0.0024968801985871545,0.0024968801985871545,0,1
0.20891306446425736,0.1988849160981962,0.17102411871440765,0,5,-0.14167237487226725,-0.23278244856977715,-0.30545982420983053,0,5,-0.4292205031198193,-0.6473277996882336,-1.0824792507508658,0,5,-0.6819721578560196,-1.015914355183691,-1.630379387790835,0,5,0.3278675522306828,0.2962507960009012,0.2717337276232811,0,5,-0.4962341180169034,-0.6955588173756095,-0.8052297005578563,0,5,nyse-o,0.0025,25.0,0.014451317584090087,0.010152746581240985,0.0007194402215619875,0,5,0.8480615587221237,0.7454965351796271,0.5776566240403275,0,5,0.010962723546559899,0.009390774435694953,0.00532098174118195,0,5,-0.0006062277972664515,-0.0010515272953148629,-0.0014464494839322856,0,5,0.9450650640781474,0.7972177717146568,0.6433595580216207,0,5,0.6074270557029178,0.6003536693191865,0.5649867374005305,0,5,1131,return_only,5,seed_median_range,0.5037658819830966,0.30444118262439046,0.19477029944214377,0,5,2.676089462581212,2.2571889191474375,1.8211216210373933,0,5
0.09037288817270778,0.09028750536634485,0.08972647024270518,0,5,0.17857403711594433,0.177818593721071,0.17637195896325664,0,5,1.2233726707836423,1.217924307329919,1.2104269875406892,0,5,1.932496601585703,1.9274049274007743,1.9157247696862107,0,5,0.1427597676222409,0.14263370698242384,0.1421056461751045,0,5,1.0905301114187198,1.0845228291551834,1.073056646373166,0,5,nyse-o,0.0025,25.0,0.025131041737551842,0.024225452600188577,0.02169271455154692,0,5,0.16126083547946157,0.1594919793049745,0.15886585641754902,0,5,0.025978148775900323,0.022927986156491352,0.022225773597912356,0,5,0.0006520050182512899,0.000649460627886993,0.0006445836948500122,0,5,0.02623502910393013,0.022690422543200986,0.019423721463226924,0,5,0.48894783377542,0.48629531388152075,0.48364279398762156,0,5,1131,cost_aware,5,seed_median_range,2.09053011141872,2.0845228291551834,2.073056646373166,0,5,0.07418522422779586,0.06416202151181533,0.05492483596416038,0,5
0.09029440596074052,0.09022918034385556,0.08969366561089874,0,5,0.17857776591875596,0.17778444644580693,0.1764660993476841,0,5,1.224026772423067,1.2185107668592672,1.2123324401729965,0,5,1.9338031729604386,1.9270999777524642,1.9188962271042578,0,5,0.1426549980194603,0.14255037485590158,0.14205588902627014,0,5,1.0905597961714433,1.0842516074700943,1.0738013185903714,0,5,nyse-o,0.0025,25.0,0.025787782739347166,0.024442811909681075,0.022240823634147894,0,5,0.16105459645430598,0.1593945911518635,0.15880676760513424,0,5,0.02625837231304717,0.023433692535166858,0.022536485549533365,0,5,0.0006520175730952633,0.0006493455787396868,0.0006449012457778854,0,5,0.025773190963901262,0.022469338151204513,0.01934297265143081,0,5,0.48983200707338637,0.48629531388152075,0.4827586206896552,0,5,1131,downside_lambda1,5,seed_median_range,2.0905597961714433,2.0842516074700943,2.0738013185903714,0,5,0.07287925314908339,0.06353686021149763,0.054696505926931836,0,5
0.0898068849553582,0.0896157590547487,0.08849546844858017,0,5,0.1781317086717611,0.17688648375480476,0.16409416874373117,0,5,1.2269807080031792,1.2198947799684545,1.1567773084862927,0,5,1.9416424663501763,1.9292175634174444,1.8275095758556472,0,5,0.14203850438010296,0.1417637985094132,0.1398076490809103,0,5,1.087011087527861,1.0771291938498417,0.9777023931434696,0,5,nyse-o,0.0025,25.0,0.030847875166222737,0.027214493304580756,0.026506957130358267,0,5,0.15922605287988723,0.15849163440608893,0.15626594906468505,0,5,0.0421859517292093,0.02794132295606058,0.025487797810199976,0,5,0.0006505154206401755,0.0006463189611865071,0.0006029493929346231,0,5,0.0317127701889612,0.02109650573143701,0.019608128604989682,0,5,0.48894783377542,0.48629531388152075,0.4854111405835544,0,5,1131,downside_lambda10,5,seed_median_range,2.087011087527861,2.0771291938498417,1.9777023931434696,0,5,0.08967459124876617,0.059654904485687166,0.055446274899677295,0,5
0.05903681925992011,0.05869598742399931,0.05787758663397934,0,5,-0.018480605153586738,-0.032883170872224476,-0.040320165749580306,0,5,-0.1658087329709619,-0.331860079436141,-0.4276754841443491,0,5,-0.24936701391250457,-0.499784581521621,-0.6372095648838535,0,5,0.08888140727206281,0.08743968393642176,0.08577989901414848,0,5,-0.08031007811005308,-0.1393469686790394,-0.16865470710236208,0,5,nyse-o,0.0025,25.0,0.16190760595162734,0.12500066462884463,0.09158076634872603,0,5,0.24939880880621368,0.2328761369005936,0.17205256192169605,0,5,0.46498970259911443,0.4511207013402074,0.4404097975829044,0,5,-7.402184542373841e-05,-0.00013268243955887274,-0.00016331569894798286,0,5,0.2449702918358368,0.23414811143771252,0.21852647335107267,0,5,0.5782493368700266,0.5720601237842617,0.5667550839964633,0,5,1131,downside_lambda100,5,seed_median_range,0.9196899218899469,0.8606530313209606,0.8313452928976379,0,5,0.6930059440655764,0.6623904333396176,0.6181723173508148,0,5
0.0,0.0,0.0,0,1,0.0,0.0,0.0,0,1,,,,1,0,,,,1,0,0.0,0.0,0.0,0,1,0.0,0.0,0.0,0,1,sp500,0.0025,25.0,1.0,1.0,1.0,0,1,0.0,0.0,0.0,0,1,1.0,1.0,1.0,0,1,0.0,0.0,0.0,0,1,0.0,0.0,0.0,0,1,0.0,0.0,0.0,0,1,256,cash,1,deterministic_baseline,1.0,1.0,1.0,0,1,-0.0,0.0,-0.0,0,1
0.18790750594794034,0.18790750594794034,0.18790750594794034,0,1,-0.16853538256608736,-0.16853538256608736,-0.16853538256608736,0,1,-0.5315111941566253,-0.5315111941566253,-0.5315111941566253,0,1,-0.7808436276275595,-0.7808436276275595,-0.7808436276275595,0,1,0.2760551051716885,0.2760551051716885,0.2760551051716885,0,1,-0.17096769956266678,-0.17096769956266678,-0.17096769956266678,0,1,sp500,0.0025,25.0,0.0,0.0,0.0,0,1,0.29981941541270507,0.29981941541270507,0.29981941541270507,0,1,0.0,0.0,0.0,0,1,-0.000732406880753098,-0.000732406880753098,-0.000732406880753098,0,1,0.017182893175703803,0.017182893175703803,0.017182893175703803,0,1,0.53125,0.53125,0.53125,0,1,256,equal_weight_crp,1,deterministic_baseline,0.8290323004373332,0.8290323004373332,0.8290323004373332,0,1,0.011000327354314478,0.011000327354314478,0.011000327354314478,0,1
0.18203026041042672,0.18203026041042672,0.18203026041042672,0,1,-0.18456386328783048,-0.18456386328783048,-0.18456386328783048,0,1,-0.6406047709436751,-0.6406047709436751,-0.6406047709436751,0,1,-0.9300797049154095,-0.9300797049154095,-0.9300797049154095,0,1,0.26428565406842824,0.26428565406842824,0.26428565406842824,0,1,-0.18720046780663635,-0.18720046780663635,-0.18720046780663635,0,1,sp500,0.0025,25.0,0.0,0.0,0.0,0,1,0.3021738191660239,0.3021738191660239,0.3021738191660239,0,1,0.0,0.0,0.0,0,1,-0.0008096514754202677,-0.0008096514754202677,-0.0008096514754202677,0,1,0.0038965087281795513,0.0038965087281795513,0.0038965087281795513,0,1,0.54296875,0.54296875,0.54296875,0,1,256,equal_weight_buy_hold,1,deterministic_baseline,0.8127995321933636,0.8127995321933636,0.8127995321933636,0,1,0.0024968801985871545,0.0024968801985871545,0.0024968801985871545,0,1
0.28393727819246584,0.26500005821295924,0.18117912942818426,0,5,-0.17023216304597322,-0.4056124396584133,-0.5590613772082689,0,5,-0.5694804736570992,-1.1041219490955814,-1.9167664544019325,0,5,-0.8360284297974663,-1.5792757272660278,-2.626743714133995,0,5,0.40612837366619964,0.37462101078063265,0.2659808546466895,0,5,-0.1726863427628973,-0.4105003974135689,-0.5647554418006154,0,5,sp500,0.0025,25.0,0.038873011130030055,0.013776807920320154,0.0011595406072707696,0,5,0.6008564524661555,0.4447529291346044,0.2935986019470468,0,5,0.0394594863030901,0.008897572595252123,0.004186796301781511,0,5,-0.0007405132215560125,-0.002064379817025684,-0.003249403137160196,0,5,1.260631375726819,0.8598613697587505,0.03576041536373899,0,5,0.61328125,0.578125,0.54296875,0,5,256,return_only,5,seed_median_range,0.8273136572371027,0.5894996025864311,0.43524455819938457,0,5,0.8083037687704013,0.5510106279289486,0.02289049476819342,0,5
0.2098699876112865,0.18154469284665248,0.1810839174490456,0,5,-0.1692858168664887,-0.17217576785632982,-0.2563100668599304,0,5,-0.5670295478071701,-0.5781120885890966,-0.8347139480589226,0,5,-0.8310122107815029,-0.8471552373805897,-1.1963276546088173,0,5,0.3007895946098035,0.26603238437555965,0.26538819212906584,0,5,-0.17172780995087755,-0.1746549220294209,-0.25979757359926525,0,5,sp500,0.0025,25.0,0.03904874666077769,0.03683902512226998,0.01653963995977492,0,5,0.3364671013828948,0.2935986019470468,0.291426157018739,0,5,0.0394594863030901,0.038563534458951394,0.019486990744499104,0,5,-0.0007359900260703107,-0.0007498191553618725,-0.0011751233632870993,0,5,0.16920124265184905,0.03576041536373899,0.03166503107925314,0,5,0.5546875,0.54296875,0.53515625,0,5,256,cost_aware,5,seed_median_range,0.8282721900491224,0.8253450779705791,0.7402024264007347,0,5,0.10832237076057595,0.02289049476819342,0.02026921605402974,0,5
0.1829507760779347,0.18154469284665248,0.1810839174490456,0,5,-0.1692858168664887,-0.17039863638514274,-0.17217576785632982,0,5,-0.5670213110135579,-0.5694804736570992,-0.5781120885890966,0,5,-0.8310122107815029,-0.8354743610628721,-0.8471552373805897,0,5,0.2681359166797144,0.26603238437555965,0.26538819212906584,0,5,-0.17172780995087755,-0.17285495807881668,-0.1746549220294209,0,5,sp500,0.0025,25.0,0.03904874666077769,0.038873011130030055,0.03298125688019883,0,5,0.2952953427189928,0.29260971578804007,0.291426157018739,0,5,0.0394594863030901,0.038563534458951394,0.03398818081410634,0,5,-0.0007359900260703107,-0.0007413094379625334,-0.0007498191553618725,0,5,0.03628547078556533,0.0344907317331615,0.02925401585278651,0,5,0.54296875,0.53515625,0.53515625,0,5,256,downside_lambda1,5,seed_median_range,0.8282721900491224,0.8271450419211833,0.8253450779705791,0,5,0.02322658096829329,0.022077809977813122,0.018726059098236908,0,5
0.18154469284665248,0.1810839174490456,0.18066403600823971,0,5,-0.1692858168664887,-0.17023216304597322,-0.17217576785632982,0,5,-0.5670295478071701,-0.5707143874023191,-0.5781120885890966,0,5,-0.8310122107815029,-0.8363657847666799,-0.8471552373805897,0,5,0.26603238437555965,0.26538819212906584,0.26457225595912454,0,5,-0.17172780995087755,-0.1726863427628973,-0.1746549220294209,0,5,sp500,0.0025,25.0,0.04145800706368336,0.038873011130030055,0.03653240148090271,0,5,0.2935986019470468,0.29260971578804007,0.291426157018739,0,5,0.040356287503065406,0.038737620224214786,0.03659274486470966,0,5,-0.0007359900260703107,-0.0007405132215560125,-0.0007498191553618725,0,5,0.040562767834032634,0.0344907317331615,0.028848645335960682,0,5,0.54296875,0.53515625,0.53515625,0,5,256,downside_lambda10,5,seed_median_range,0.8282721900491224,0.8273136572371027,0.8253450779705791,0,5,0.02596432372585378,0.022077809977813122,0.018466587109325684,0,5
0.11465665658393685,0.11103148011754528,0.10653530065668332,0,5,-0.21779276186775742,-0.2465383741225896,-0.25450642047615535,0,5,-1.569112342900279,-1.7634433185430463,-1.8838006549560202,0,5,-2.111132670335578,-2.392979651966358,-2.539520890100856,0,5,0.15606489403183957,0.15135487410246007,0.14862827832290262,0,5,-0.22083663220269234,-0.24991630007373877,-0.2579738552230143,0,5,sp500,0.0025,25.0,0.454244171773249,0.3441726755865071,0.3158467779705383,0,5,0.2932013965542809,0.2700543753858313,0.2491741982487934,0,5,0.45130639999949773,0.4445539172229498,0.4127120523045878,0,5,-0.000974744298200762,-0.0011233221827222854,-0.001165510940964906,0,5,0.2526430705224333,0.22253990013937117,0.21618108101150785,0,5,0.5859375,0.578125,0.55859375,0,5,256,downside_lambda100,5,seed_median_range,0.7791633677973077,0.7500836999262612,0.7420261447769857,0,5,0.16176359703477577,0.1424836437759302,0.13841679630382792,0,5
0.0,0.0,0.0,0,1,0.0,0.0,0.0,0,1,,,,1,0,,,,1,0,0.0,0.0,0.0,0,1,0.0,0.0,0.0,0,1,djia,0.0025,25.0,1.0,1.0,1.0,0,1,0.0,0.0,0.0,0,1,1.0,1.0,1.0,0,1,0.0,0.0,0.0,0,1,0.0,0.0,0.0,0,1,0.0,0.0,0.0,0,1,102,cash,1,deterministic_baseline,1.0,1.0,1.0,0,1,-0.0,0.0,-0.0,0,1
0.20515492928516768,0.20515492928516768,0.20515492928516768,0,1,-0.06679772150372831,-0.06679772150372831,-0.06679772150372831,0,1,-0.0723803574042079,-0.0723803574042079,-0.0723803574042079,0,1,-0.10874508783196668,-0.10874508783196668,-0.10874508783196668,0,1,0.30822714344568136,0.30822714344568136,0.30822714344568136,0,1,-0.027594640636075973,-0.027594640636075973,-0.027594640636075973,0,1,djia,0.0025,25.0,0.0,0.0,0.0,0,1,0.2212296754586076,0.2212296754586076,0.2212296754586076,0,1,0.0,0.0,0.0,0,1,-0.00027433848112316746,-0.00027433848112316746,-0.00027433848112316746,0,1,0.024326496559159444,0.024326496559159444,0.024326496559159444,0,1,0.5294117647058824,0.5294117647058824,0.5294117647058824,0,1,102,equal_weight_crp,1,deterministic_baseline,0.972405359363924,0.972405359363924,0.972405359363924,0,1,0.006206448773744645,0.006206448773744645,0.006206448773744645,0,1
0.20613685119325567,0.20613685119325567,0.20613685119325567,0,1,-0.08971758951399023,-0.08971758951399023,-0.08971758951399023,0,1,-0.15598075690101712,-0.15598075690101712,-0.15598075690101712,0,1,-0.23167639230288564,-0.23167639230288564,-0.23167639230288564,0,1,0.30617265202422445,0.30617265202422445,0.30617265202422445,0,1,-0.0373330520610361,-0.0373330520610361,-0.0373330520610361,0,1,djia,0.0025,25.0,0.0,0.0,0.0,0,1,0.21821202919983584,0.21821202919983584,0.21821202919983584,0,1,0.0,0.0,0.0,0,1,-0.0003730174064432197,-0.0003730174064432197,-0.0003730174064432197,0,1,0.009779472886411423,0.009779472886411423,0.009779472886411423,0,1,0.5392156862745098,0.5392156862745098,0.5392156862745098,0,1,102,equal_weight_buy_hold,1,deterministic_baseline,0.9626669479389639,0.9626669479389639,0.9626669479389639,0,1,0.0024968801985871545,0.0024968801985871545,0.0024968801985871545,0,1
0.6337381061993779,0.3567797126084369,0.2519111232149714,0,5,-0.314188162982757,-0.6842220242409446,-0.8701437708294393,0,5,-0.887904183309702,-2.1788122645045784,-4.009115377246149,0,5,-1.2494247019599034,-2.740515558625822,-4.668528488509714,0,5,0.6991550374739455,0.41564625943272415,0.3544796679187027,0,5,-0.1415756775060646,-0.3728537373008115,-0.5623131394379028,0,5,djia,0.0025,25.0,0.09796822478904979,0.022006504173846416,0.011356630541884152,0,5,0.5920703901014979,0.41355585749009915,0.2335660848022605,0,5,0.04321594649179138,0.006254632145632863,0.002842784390269834,0,5,-0.0014966348370753137,-0.0045742695265776736,-0.008100505436408797,0,5,1.5896041392846734,1.3245262972526044,0.6274026013210003,0,5,0.6372549019607843,0.6274509803921569,0.5490196078431373,0,5,102,return_only,5,seed_median_range,0.8584243224939354,0.6271462626991885,0.4376868605620972,0,5,0.40620379250438915,0.33839454207057834,0.16013002544738097,0,5
0.38027299221230604,0.19953343281620428,0.1994205234812821,0,5,-0.08063364570653542,-0.09551026446863886,-0.5192765164226165,0,5,-0.13435282037679125,-0.19077908741811936,-1.6310172785170398,0,5,-0.2010574473120921,-0.2844094002612285,-2.195021927840308,0,5,0.4913476157265315,0.29861576395978434,0.2974601919284105,0,5,-0.033456112599827614,-0.03981734746156884,-0.2565644045150556,0,5,djia,0.0025,25.0,0.37890431150593123,0.0322365083771395,0.031208418768118227,0,5,0.30913533252055003,0.21659484549703123,0.21546780440036817,0,5,0.23895561947729957,0.03294632507317544,0.031075278100397986,0,5,-0.0003336134585963166,-0.0003983504858540197,-0.0029065994142845764,0,5,0.874895106791988,0.07151896443354601,0.05070540555035738,0,5,0.6176470588235294,0.5294117647058824,0.5294117647058824,0,5,102,cost_aware,5,seed_median_range,0.9665438874001724,0.9601826525384312,0.7434355954849444,0,5,0.22341517744974917,0.018241660738966305,0.012933401758112771,0,5
0.36832934264052297,0.1991381156313359,0.19878089115601694,0,5,-0.07754404471180432,-0.09142991464139116,-0.5155706764728935,0,5,-0.12329697273335469,-0.1765233989676617,-1.2433527314192891,0,5,-0.18479674564650755,-0.26366823099501857,-1.6388148169483758,0,5,0.485480563144062,0.2984669849310381,0.2962445094912054,0,5,-0.03214269996810992,-0.038066432100515524,-0.2542499916998413,0,5,djia,0.0025,25.0,0.2632430022564557,0.032386134799270765,0.031208418768118227,0,5,0.2997794124263097,0.2157644217823268,0.2143581538453786,0,5,0.2300035064912855,0.03282542772010049,0.031075278100397986,0,5,-0.00032030019504891374,-0.00038048908763200405,-0.002876125926052266,0,5,0.9520369119145218,0.061323955956935294,0.057286340071092116,0,5,0.6078431372549019,0.5294117647058824,0.5294117647058824,0,5,102,downside_lambda1,5,seed_median_range,0.9678573000318901,0.9619335678994845,0.7457500083001587,0,5,0.243143946347642,0.015641514922004496,0.01461178739745636,0,5
0.1957904917339091,0.1908340299065256,0.1813002908922315,0,5,-0.09596279063433222,-0.22700073418620814,-0.24254178794590342,0,5,-0.20132541545629554,-0.8232674068857698,-0.9197065604991952,0,5,-0.3003618010625814,-1.1635805535279156,-1.279040085352002,0,5,0.29210412701664906,0.2706007398249073,0.2562441936443935,0,5,-0.0400118199714069,-0.09897020569881787,-0.10634685340623562,0,5,djia,0.0025,25.0,0.04928859826699515,0.041881073738741594,0.031881593071621014,0,5,0.2118203570261361,0.2025163835451269,0.18136069586257542,0,5,0.07906039359113219,0.06307612064510892,0.03657578920119525,0,5,-0.0004003363437869574,-0.0010217348419971227,-0.0011023290028787452,0,5,0.2622839749882479,0.2298880937862756,0.06632012366132609,0,5,0.5588235294117647,0.5588235294117647,0.5294117647058824,0,5,102,downside_lambda10,5,seed_median_range,0.9599881800285931,0.9010297943011821,0.8936531465937644,0,5,0.06691030822285929,0.058643781452475716,0.016915768229755324,0,5
0.1358891911889145,0.11660047839977326,0.10520502678865737,0,5,-0.27405436644079406,-0.32637277140997545,-0.3988241691575688,0,5,-2.2343052893208526,-2.5569135480059555,-3.0169416879209554,0,5,-2.951482198808054,-3.29694216346846,-3.6425216736890755,0,5,0.16406658640684613,0.1496092269266681,0.13897418820783916,0,5,-0.12158594206162265,-0.1477818015205119,-0.18614276023656628,0,5,djia,0.0025,25.0,0.32082446131121084,0.20652730822455254,0.09097059732339412,0,5,0.21204164817869386,0.17421535088374152,0.15469443498962498,0,5,0.5092101290372547,0.471699070969333,0.39116695228051285,0,5,-0.0012709529835953587,-0.0015677714062692775,-0.002019316759673212,0,5,0.39058657821590087,0.3295776794178659,0.3115071649813187,0,5,0.6274509803921569,0.6078431372549019,0.5882352941176471,0,5,102,downside_lambda100,5,seed_median_range,0.8784140579383773,0.8522181984794881,0.8138572397634337,0,5,0.09965923870088161,0.08408503004804749,0.07947235619985268,0,5
